Days;Train;TUNIS VILLE;JEBEL JELLOULI;MEGRINE RYADH;MEGRINE JELLOULI;SIDI REZIG;LYCEE RADES;RADES;RADES MELIANE;EZ-ZAHRA;LYCEE EZZAHRA;BOU KORNIIN;HAMMAM LIF;ARRET DU STADE;TAHAR SFAR;HAMMAM LIF;BIR EL BEY;BORJ CEDRIA;ERRIADH
A;101;4:30;4:41;4:44;4:45;4:48;;4:52;4:54;4:57;5:00;5:02;5:04;5:07;5:10;5:13;5:15;5:19;5:23
-;103;5:00;5:12;5:15;5:17;5:19;;5:23;5:26;5:29;5:32;5:34;5:37;5:40;5:43;5:46;5:48;5:53;5:57
A;105;5:30;5:42;5:45;5:47;5:49;;5:53;5:56;5:59;6:02;6:04;6:06;6:09;6:11;6:14;6:16;6:20;6:24
A;109;5:55;6:07;6:10;6:12;6:14;;6:18;6:21;6:24;6:27;6:29;6:32;6:35;6:38;6:41;6:43;6:48;6:52
B;111;6:00;6:12;6:15;6:17;6:19;6:22;6:24;6:27;6:30;6:33;6:35;6:38;6:41;6:43;6:46;6:48;6:53;6:57
A;115;6:20;6:32;6:35;6:37;6:40;6:42;6:45;6:48;6:51;6:54;6:56;6:58;7:01;7:04;7:07;7:09;7:14;7:18
B;117;6:30;6:42;6:45;6:47;6:49;;6:53;6:56;6:59;7:02;7:04;7:07;7:10;7:13;7:16;7:18;7:23;7:27
A;119;6:40;6:52;6:55;6:57;6:59;7:02;7:04;7:07;7:10;7:13;7:15;7:17;7:20;7:23;7:26;7:28;7:33;7:37
-;121;7:00;7:12;7:15;7:17;7:20;7:23;7:25;7:28;7:31;7:34;7:36;7:39;7:42;7:44;7:47;7:49;7:53;7:57
A;123;7:15;7:26;7:29;7:31;7:34;7:36;7:39;7:42;7:45;7:48;7:50;7:57;8:00;8:03;8:06;8:08;8:12;8:16
B;125;7:30;7:42;7:45;7:47;7:50;7:53;7:55;7:58;8:01;8:04;8:06;8:09;8:12;8:14;8:17;8:19;8:23;8:27
A;127;7:35;7:46;7:49;7:51;7:53;7:56;7:59;8:02;8:05;8:08;8:10;8:12;8:15;8:18;8:21;8:23;8:28;8:32
C;131;7:50;8:01;8:04;8:06;8:08;8:11;8:14;8:17;8:20;8:23;8:25;8:27;8:30;8:33;8:36;8:38;8:43;8:47
D;133;8:00;8:11;8:14;8:16;8:18;8:21;8:23;8:26;8:29;8:32;8:34;8:38;8:41;8:44;8:47;8:49;8:54;8:58
C;135;8:10;8:21;8:24;8:26;8:28;8:31;8:34;8:37;8:40;8:43;8:45;8:47;8:50;8:53;8:56;8:58;9:03;9:07
-;137;8:30;8:40;8:43;8:45;8:47;;8:51;8:54;8:57;9:00;9:02;9:05;9:08;9:11;9:14;9:16;9:20;9:24
-;141;9:00;9:10;9:13;9:15;9:17;9:20;9:23;9:26;9:29;9:32;9:34;9:36;9:39;9:42;9:45;9:47;9:52;9:56
A;143;9:20;9:30;9:33;9:35;9:38;;9:42;9:46;9:49;9:52;9:54;9:57;10:00;10:03;10:06;10:08;10:13;10:17
B;145;9:30;9:41;9:44;9:46;9:48;9:51;9:54;9:57;10:00;10:03;10:05;10:07;10:10;10:13;10:15;10:17;10:22;10:26
A;147;9:40;9:51;9:54;9:56;9:58;10:01;10:04;10:07;10:10;10:13;10:15;10:17;10:20;10:23;10:26;10:28;10:33;10:37
-;149;10:00;10:10;10:13;10:15;10:17;10:20;10:23;10:26;10:29;10:32;10:34;10:36;10:39;10:42;10:45;10:47;10:52;10:56
A;153;10:20;10:31;10:34;10:36;10:39;;10:43;10:46;10:49;10:52;10:54;10:56;10:59;11:02;11:05;11:07;11:12;11:16
B;155;10:30;10:40;10:43;10:45;10:48;;10:53;10:56;10:59;11:02;11:04;11:07;11:10;11:13;11:16;11:18;11:23;11:27
A;157;10:50;11:01;11:04;11:06;11:09;11:11;11:14;11:17;11:20;11:23;11:25;11:27;11:30;11:33;11:36;11:38;11:43;11:47
B;159;11:00;11:11;11:14;11:16;11:19;11:21;11:24;11:27;11:30;11:33;11:35;11:37;11:40;11:43;11:46;11:48;11:53;11:57
A;161;11:20;11:32;11:35;11:37;11:39;;11:43;11:46;11:49;11:52;11:54;11:57;12:00;12:03;12:06;12:08;12:12;12:16
B;163;11:30;11:41;11:44;11:46;11:49;11:51;11:54;11:57;12:00;12:03;12:05;12:07;12:10;12:13;12:16;12:18;12:23;12:27
A;165;11:40;11:51;11:54;11:56;11:59;12:01;12:04;12:07;12:10;12:13;12:15;12:17;12:20;12:23;12:26;12:28;12:33;12:37
-;167;12:00;12:10;12:13;12:15;12:18;12:20;12:23;12:26;12:29;12:32;12:33;12:36;12:39;12:41;12:44;12:46;12:51;12:55
A;169;12:20;12:30;12:33;12:35;12:37;12:40;12:43;12:46;12:49;12:52;12:54;12:56;12:59;13:02;13:05;13:07;13:12;13:16
B;171;12:30;12:41;12:44;12:46;12:48;;12:52;12:55;12:58;13:01;13:03;13:06;13:09;13:12;13:15;13:17;13:22;13:26
A;173;12:40;12:51;12:54;12:56;12:58;;13:02;13:05;13:08;13:11;13:13;13:16;13:19;13:22;13:25;13:27;13:32;13:36
-;175;12:55;13:06;13:09;13:11;13:14;13:16;13:19;13:22;13:25;13:28;13:29;13:35;13:38;13:40;13:43;13:45;13:50;13:54
A;179;13:20;13:31;13:34;13:36;13:39;13:41;13:44;13:47;13:50;13:53;13:55;13:57;14:00;14:03;14:06;14:08;14:13;14:17
B;181;13:30;13:40;13:43;13:45;13:48;13:51;13:53;13:56;13:59;14:02;14:04;14:07;14:10;14:13;14:16;14:18;14:23;14:27
A;183;13:40;13:51;13:54;13:56;13:58;;14:02;14:05;14:08;14:11;14:13;14:20;14:23;14:26;14:29;14:31;14:36;14:40
-;185;14:00;14:12;14:15;14:17;14:20;14:22;14:25;14:28;14:31;14:34;14:36;14:38;14:41;14:44;14:47;14:49;14:54;14:58
A;187;14:20;14:31;14:34;14:36;14:39;;14:43;14:46;14:49;14:52;14:54;14:57;15:00;15:03;15:06;15:08;15:13;15:17
B;189;14:30;14:41;14:44;14:46;14:49;14:51;14:54;14:56;14:59;15:02;15:04;15:06;15:09;15:12;15:15;15:16;15:21;15:25
A;191;14:35;14:47;14:50;14:52;14:54;;14:58;15:01;15:04;15:07;15:09;15:15;15:18;15:20;15:23;15:25;15:30;15:34
A;193;14:50;15:01;15:04;15:06;15:08;;15:12;15:15;15:19;15:22;15:24;15:27;15:30;15:33;15:36;15:38;15:43;15:47
-;195;15:00;15:11;15:14;15:16;15:19;15:21;15:24;15:27;15:30;15:33;15:35;15:37;15:40;15:43;15:46;15:48;15:53;15:57
A;197;15:20;15:31;15:34;15:36;15:38;15:41;15:44;15:47;15:50;15:53;15:55;15:58;16:01;16:04;16:07;16:09;16:14;16:18
B;199;15:30;15:41;15:44;15:46;15:49;15:51;15:54;15:57;16:00;16:03;16:05;16:07;16:10;16:13;16:16;16:18;16:23;16:27
A;201;15:35;15:46;15:49;15:51;15:54;15:56;15:59;16:02;16:05;16:08;16:10;16:12;16:15;16:18;16:21;16:23;16:28;16:32
-;203;16:00;16:11;16:14;16:16;16:19;;16:23;16:26;16:29;16:32;16:34;16:37;16:40;16:43;16:46;16:48;16:53;16:57
-;205;16:30;16:41;16:44;16:46;16:49;16:51;16:54;16:57;17:00;17:03;17:05;17:07;17:10;17:13;17:16;17:18;17:23;17:27
-;207;17:00;17:12;17:15;17:17;17:19;;17:23;17:26;17:29;17:32;17:34;17:37;17:40;17:43;17:46;17:48;17:53;17:57
-;209;17:30;17:41;17:44;17:46;17:49;;17:53;17:56;17:59;18:02;18:04;18:07;18:10;18:13;18:16;18:18;18:23;18:27
-;211;18:00;18:11;18:14;18:16;18:19;18:21;18:24;18:27;18:30;18:33;18:35;18:37;18:40;18:43;18:46;18:48;18:53;18:57
-;213;18:30;18:41;18:44;18:46;18:49;;18:53;18:56;18:59;19:02;19:04;19:07;19:10;19:13;19:16;19:18;19:23;19:27
-;215;19:00;19:11;19:14;19:16;19:19;19:21;19:24;19:27;19:30;19:33;19:35;19:37;19:40;19:43;19:46;19:48;19:53;19:57
-;217;19:30;19:42;19:45;19:47;19:50;;19:54;19:57;20:00;20:03;20:05;20:08;20:11;20:14;20:17;20:19;20:24;20:27
-;219;20:00;20:13;20:15;20:17;20:18;20:20;20:23;20:26;20:29;20:32;20:34;20:37;20:40;20:43;20:46;20:48;20:53;20:57
-;221;20:30;20:41;20:44;20:46;20:49;;20:53;20:56;20:59;21:02;21:04;21:07;21:10;21:13;21:16;21:18;21:23;21:27
-;223;21:00;21:13;21:15;21:18;21:21;;21:22;21:25;21:28;21:31;21:33;21:36;21:39;21:41;21:44;21:46;21:51;21:55
-;225;21:30;21:45;21:47;21:49;21:53;;21:53;21:57;22:00;22:03;22:05;22:07;22:10;22:13;22:16;22:18;22:23;22:27
-;227;22:00;22:13;22:15;22:18;22:22;;22:22;22:25;22:28;22:31;22:33;22:36;22:39;22:42;22:45;22:47;22:52;22:56
-;231;22:50;23:03;23:05;23:08;23:12;;23:12;23:15;23:18;23:21;23:23;23:26;23:29;23:32;23:35;23:37;23:42;23:46